replicate_group_id,analysis_type,parameter,RSD_percent,P90_RSD,is_at_or_above_parameter_P90,RSD_to_P90_ratio,n_RSD_defined,p90_evidence_label,flag_category
8,compositional,xylan,6.560336276781244,15.72315327246491,False,0.4172404964257391,68,adequate,Dixon_only
10,compositional,xylose,6.5619554338200885,16.246499515776435,False,0.4038996478871028,66,adequate,Dixon_only
22,compositional,xylan,16.380958547771108,15.72315327246491,True,1.0418367272713787,68,adequate,3xSD_only
61,compositional,lignin,1.4403168827698347,1.9396733948681648,False,0.7425563945871051,64,adequate,Dixon_only
69,compositional,lignin,1.1206531445641097,1.9396733948681648,False,0.577753526716944,64,adequate,Dixon_only
76,compositional,arabinose,1.5445039048384956,80.69263499477972,False,0.019140580858939788,7,sparse,Dixon_only
96,compositional,glucan,23.278164487864025,13.980551542794355,True,1.6650390663494035,68,adequate,RSD_only
97,compositional,glucose,23.28001920381439,14.268994841379854,True,1.631510801048348,66,adequate,RSD_only
98,compositional,xylan,35.9244414312519,15.72315327246491,True,2.2848115011487162,68,adequate,RSD_only
99,compositional,xylose,35.915716413615435,16.246499515776435,True,2.210674144220352,66,adequate,RSD_only
101,compositional,xylan,1.272230393807155,15.72315327246491,False,0.08091445601024204,68,adequate,Dixon_only
117,compositional,xylose,0.2099773671851998,16.246499515776435,False,0.012924468251225304,66,adequate,Dixon_only
121,compositional,xylan,0.2386155753496011,15.72315327246491,False,0.015176063682306996,68,adequate,Dixon_only
129,compositional,xylan,16.08257188684779,15.72315327246491,True,1.022859194218523,68,adequate,3xSD_only
130,compositional,xylose,16.10236943900836,16.246499515776435,False,0.9911285457751613,66,adequate,Dixon_only
131,compositional,glucose,15.897989137000252,14.268994841379854,True,1.1141632128772196,66,adequate,Dixon_only
132,compositional,glucan,15.9229187491839,13.980551542794355,True,1.1389335177831843,68,adequate,Dixon_only
134,compositional,lignin,0.3730857959222169,1.9396733948681648,False,0.1923446477686903,64,adequate,Dixon_only
153,compositional,xylose,47.82768163401632,16.246499515776435,True,2.9438761000529654,66,adequate,all_three
174,compositional,xylan,29.989513653425952,15.72315327246491,True,1.9073472816642278,68,adequate,RSD_only
175,compositional,glucose,30.02012052111336,14.268994841379854,True,2.1038707249410096,66,adequate,RSD_and_3xSD
176,compositional,xylose,29.92965745074752,16.246499515776435,True,1.8422219150459966,66,adequate,RSD_only
178,compositional,glucan,30.02569627949349,13.980551542794355,True,2.1476760904307013,68,adequate,RSD_and_3xSD
191,compositional,xylan,0.0606672787239523,15.72315327246491,False,0.003858467679647667,68,adequate,Dixon_only
193,compositional,xylose,0.0800763202759566,16.246499515776435,False,0.0049288352976096265,66,adequate,Dixon_only
199,compositional,xylan,22.221032879827074,15.72315327246491,True,1.413268222649813,68,adequate,RSD_only
200,compositional,glucose,21.37124502920546,14.268994841379854,True,1.4977400487404477,66,adequate,RSD_and_Dixon
202,compositional,xylose,22.212992886051666,16.246499515776435,True,1.3672479332844203,66,adequate,RSD_only
203,compositional,glucan,21.38158906777545,13.980551542794355,True,1.5293809405391896,68,adequate,RSD_and_Dixon
225,compositional,glucose,3.0337425464303727,14.268994841379854,False,0.21261080967193066,66,adequate,Dixon_only
227,compositional,glucan,3.034755060298241,13.980551542794355,False,0.21706976659746796,68,adequate,Dixon_only
234,compositional,glucan,23.87972024225031,13.980551542794355,True,1.7080671080217886,68,adequate,RSD_and_3xSD
235,compositional,lignin,0.8503707340667691,1.9396733948681648,False,0.438409237512157,64,adequate,Dixon_only
236,compositional,xylan,23.10930143040809,15.72315327246491,True,1.4697625234550207,68,adequate,RSD_only
237,compositional,xylose,23.16627400353603,16.246499515776435,True,1.4259240263442616,66,adequate,RSD_only
238,compositional,glucose,23.876538611105936,14.268994841379854,True,1.6733160868391626,66,adequate,RSD_and_3xSD
240,compositional,glucan,24.83028700413695,13.980551542794355,True,1.7760591868018683,68,adequate,RSD_and_3xSD
241,compositional,glucose,24.82006689967164,14.268994841379854,True,1.7394404564289174,66,adequate,RSD_and_3xSD
242,compositional,xylose,24.30711157211094,16.246499515776435,True,1.496144541690788,66,adequate,all_three
243,compositional,xylan,24.298850064012075,15.72315327246491,True,1.5454183803299375,68,adequate,all_three
270,compositional,xylan,5.248156402475821,15.72315327246491,False,0.33378523452204895,68,adequate,Dixon_only
273,compositional,xylose,5.235718677130734,16.246499515776435,False,0.32226749350200035,66,adequate,Dixon_only
281,compositional,lignin,3.014414609844676,1.9396733948681648,True,1.5540835987233608,64,adequate,3xSD_only
294,compositional,arabinose,3.527598386087321,80.69263499477972,False,0.0437164852320851,7,sparse,Dixon_only
296,compositional,arabinan,3.608439182435165,80.69247188545374,False,0.04471841174425158,7,sparse,Dixon_only
300,compositional,xylan,0.6450318745803696,15.72315327246491,False,0.041024332931357876,68,adequate,Dixon_only
301,compositional,glucose,3.182406386877477,14.268994841379854,False,0.2230294721004839,66,adequate,Dixon_only
302,compositional,glucan,3.178074876273177,13.980551542794355,False,0.22732113726308406,68,adequate,Dixon_only
318,compositional,lignin,2.212189371435782,1.9396733948681648,True,1.14049580578288,64,adequate,Dixon_only
320,compositional,lignin,0.8343211982509061,1.9396733948681648,False,0.4301348878931306,64,adequate,Dixon_only
334,compositional,arabinan,173.20508075688772,80.69247188545374,True,2.1464837637240732,7,sparse,RSD_and_Dixon
336,compositional,arabinose,173.20508075688775,80.69263499477972,True,2.146479424895382,7,sparse,RSD_and_Dixon
389,proximate,ash,4.15119615037169,14.166032069569264,False,0.29303873731085744,115,adequate,Dixon_only
395,proximate,ash,3.646422752776588,14.166032069569264,False,0.2574060777830402,115,adequate,Dixon_only
399,proximate,moisture,0.1170304599708779,4.244871447408271,False,0.027569847855423622,94,adequate,Dixon_only
402,proximate,total solids,0.0128110266831992,4.200026006513755,False,0.0030502255613014725,115,adequate,Dixon_only
403,proximate,total solids,6.333025134222843,4.200026006513755,True,1.5078537905244045,115,adequate,3xSD_only
406,proximate,volatile solids,0.0972952930889194,7.916463946683877,False,0.012290246471680751,115,adequate,Dixon_only
407,proximate,moisture,6.376236624201486,4.244871447408271,True,1.5021035862215641,94,adequate,3xSD_only
423,proximate,ash,9.897433186107872,14.166032069569264,False,0.6986736396968227,115,adequate,Dixon_only
433,proximate,volatile solids,297.5943406597219,7.916463946683877,True,37.59182668726497,115,adequate,RSD_only
435,proximate,total solids,3.076954095665808,4.200026006513755,False,0.7326035817144483,115,adequate,3xSD_only
437,proximate,ash,32.528670406613465,14.166032069569264,True,2.2962443009351836,115,adequate,RSD_and_3xSD
472,proximate,ash,1.8300914193180544,14.166032069569264,False,0.1291887107363933,115,adequate,Dixon_only
477,proximate,volatile solids,0.3391563681700531,7.916463946683877,False,0.04284190144163066,115,adequate,Dixon_only
490,proximate,ash,4.269344291690897,14.166032069569264,False,0.3013789797117628,115,adequate,Dixon_only
499,proximate,moisture,5.481733725377797,4.244871447408271,True,1.291378029533662,94,adequate,3xSD_only
510,proximate,volatile solids,0.0069894306427091,7.916463946683877,False,0.0008828980577416636,115,adequate,Dixon_only
516,proximate,volatile solids,0.2594464996560738,7.916463946683877,False,0.03277302864048957,115,adequate,Dixon_only
517,proximate,total solids,0.0247329831153669,4.200026006513755,False,0.005888769040241394,115,adequate,Dixon_only
519,proximate,moisture,0.3485011685249253,4.244871447408271,False,0.082099345726407,94,adequate,Dixon_only
538,proximate,ash,4.6244074959363175,14.166032069569264,False,0.32644338747970436,115,adequate,Dixon_only
541,proximate,volatile solids,20.91788233925677,7.916463946683877,True,2.642326483154016,115,adequate,RSD_only
560,proximate,volatile solids,1.7134059766262215,7.916463946683877,False,0.21643577083982668,115,adequate,Dixon_only
566,proximate,moisture,0.5817575231529024,4.244871447408271,False,0.13704950323244713,94,adequate,Dixon_only
575,proximate,total solids,0.0712911464294015,4.200026006513755,False,0.016973977379863163,115,adequate,Dixon_only
581,proximate,ash,0.3149183286488871,14.166032069569264,False,0.022230524899444378,115,adequate,Dixon_only
592,proximate,volatile solids,0.4445453749387867,7.916463946683877,False,0.056154537926620895,115,adequate,Dixon_only
607,proximate,ash,7.366484860457759,14.166032069569264,False,0.5200104605355271,115,adequate,Dixon_only
609,proximate,total solids,0.1171227864917484,4.200026006513755,False,0.02788620506399353,115,adequate,Dixon_only
610,proximate,moisture,0.9221211042957628,4.244871447408271,False,0.21723180918912602,94,adequate,Dixon_only
611,proximate,ash,9.596941847727765,14.166032069569264,False,0.6774615362013346,115,adequate,Dixon_only
622,proximate,volatile solids,0.6281030104343608,7.916463946683877,False,0.07934135930694998,115,adequate,Dixon_only
633,proximate,moisture,1.3579740624726002,4.244871447408271,False,0.3199093492693915,94,adequate,Dixon_only
636,proximate,total solids,0.3528234798017093,4.200026006513755,False,0.08400507026730807,115,adequate,Dixon_only
642,proximate,moisture,0.2029588478519922,4.244871447408271,False,0.04781271950553645,94,adequate,Dixon_only
644,proximate,total solids,0.0336542728708036,4.200026006513755,False,0.008012872496172574,115,adequate,Dixon_only
665,proximate,moisture,0.1026704687355566,4.244871447408271,False,0.02418694417665878,94,adequate,Dixon_only
666,proximate,total solids,0.0130102216447815,4.200026006513755,False,0.0030976526394370296,115,adequate,Dixon_only
684,proximate,total solids,0.0564553718242721,4.200026006513755,False,0.013441671965058393,115,adequate,Dixon_only
685,proximate,moisture,0.6527829676767115,4.244871447408271,False,0.15378156341466398,94,adequate,Dixon_only
697,proximate,volatile solids,0.006463358487834,7.916463946683877,False,0.0008164451365361719,115,adequate,Dixon_only
703,proximate,ash,105.42917959114904,14.166032069569264,True,7.4423931185096315,115,adequate,RSD_and_Dixon
706,proximate,ash,27.2431183971292,14.166032069569264,True,1.9231297983329756,115,adequate,RSD_only
713,proximate,ash,0.9676261494798204,14.166032069569264,False,0.06830608209326483,115,adequate,Dixon_only
716,proximate,volatile solids,36.34064932807829,7.916463946683877,True,4.590515357971283,115,adequate,RSD_only
727,proximate,ash,0.592660669826819,14.166032069569264,False,0.04183674489202534,115,adequate,Dixon_only
735,proximate,ash,31.8719926320383,14.166032069569264,True,2.2498884991587773,115,adequate,RSD_only
756,proximate,ash,8.327167344081138,14.166032069569264,False,0.587826379552615,115,adequate,Dixon_only
757,proximate,ash,14.222923089217938,14.166032069569264,True,1.0040160165789038,115,adequate,Dixon_only
769,proximate,ash,9.690124812416416,14.166032069569264,False,0.6840394518965011,115,adequate,3xSD_only
770,proximate,total solids,16.66819505963909,4.200026006513755,True,3.9685932977054534,115,adequate,3xSD_only
773,proximate,total solids,7.069018267825655,4.200026006513755,True,1.6830891658438363,115,adequate,Dixon_and_3xSD
774,proximate,volatile solids,18.53433942263718,7.916463946683877,True,2.3412396680466183,115,adequate,Dixon_and_3xSD
786,proximate,ash,64.93161572741354,14.166032069569264,True,4.583613492369277,115,adequate,RSD_and_3xSD
788,proximate,volatile solids,8.429598882469715,7.916463946683877,True,1.0648187043156794,115,adequate,3xSD_only
790,proximate,ash,1.02488213465613,14.166032069569264,False,0.07234786209878268,115,adequate,Dixon_only
793,proximate,total solids,3.587833144565872,4.200026006513755,False,0.8542406973198635,115,adequate,3xSD_only
794,proximate,moisture,21.84576665150597,4.244871447408271,True,5.146390632122444,94,adequate,RSD_and_3xSD
795,proximate,volatile solids,22.212219153994823,7.916463946683877,True,2.8058258464373207,115,adequate,RSD_and_3xSD
796,proximate,ash,11.4635667328008,14.166032069569264,False,0.8092291953387738,115,adequate,3xSD_only
909,xrf,k,5.561631033478047,4.976754350613598,True,1.1175217102673227,45,adequate,Dixon_only
912,xrf,cu,11.174521339154047,24.75696505488425,False,0.4513687891218091,45,adequate,Dixon_only
913,xrf,pr,45.02653046120616,32.35146865361274,True,1.391792469866062,18,adequate,RSD_only
915,xrf,p,1.887588064046292,6.34658740101883,False,0.297417800272202,45,adequate,Dixon_only
916,xrf,sr,5.32938710021193,9.619269058477418,False,0.5540324392439325,43,adequate,Dixon_only
920,xrf,ce,32.29306559749587,31.91033296819221,True,1.0119940029985008,23,adequate,RSD_only
922,xrf,rb,8.660254037844387,11.170423612233687,False,0.7752842988299747,42,adequate,Dixon_only
926,xrf,mn,31.730992221280108,23.97563885663276,True,1.323468059016991,45,adequate,RSD_only
930,xrf,zn,2.793630334788512,13.071693083816127,False,0.2137160287405512,45,adequate,Dixon_only
931,xrf,rb,12.37179148263484,11.170423612233687,True,1.1075489983285354,42,adequate,Dixon_only
940,xrf,zn,12.37179148263484,13.071693083816127,False,0.9464566987081555,45,adequate,Dixon_only
949,xrf,ba,14.78579957680749,24.45997952351143,False,0.6044894503118893,37,adequate,Dixon_only
992,xrf,ba,160.89949786941156,24.45997952351143,True,6.578071650254315,37,adequate,all_three
993,xrf,ce,161.40268058994113,31.91033296819221,True,5.058006782656425,23,adequate,all_three
996,xrf,la,161.26189396900918,22.835265664534784,True,7.061967061739219,18,adequate,all_three
998,xrf,u,8.660254037844387,12.97437586901827,False,0.6674890665472667,45,adequate,Dixon_only
1000,xrf,cu,2.5851504590580263,24.75696505488425,False,0.10442113778191109,45,adequate,Dixon_only
1001,xrf,k,3.186046635996264,4.976754350613598,False,0.6401856333542858,45,adequate,Dixon_only
1012,xrf,fe,4.559243753201623,8.77155421122956,False,0.5197760446335459,45,adequate,Dixon_only
1015,xrf,zn,3.765327842541037,13.071693083816127,False,0.2880520387372646,45,adequate,Dixon_only
1023,xrf,nd,24.513035081133648,26.035000631450448,False,0.9415415589244021,3,sparse,RSD_only
1024,xrf,rb,12.37179148263484,11.170423612233687,True,1.1075489983285354,42,adequate,Dixon_only
1074,xrf,cu,8.660254037844387,24.75696505488425,False,0.3498108115694021,45,adequate,Dixon_only
1075,xrf,ca,6.472193568698375,5.973722288284914,True,1.0834439996300156,45,adequate,3xSD_only
1077,xrf,ba,21.414478318577007,24.45997952351143,False,0.8754904433993077,37,adequate,RSD_only
1080,xrf,u,8.660254037844387,12.97437586901827,False,0.6674890665472667,45,adequate,Dixon_only
1083,xrf,mo,33.33333333333333,36.66060555964671,False,0.909241209316635,21,adequate,RSD_only
1094,xrf,sr,7.370428968378202,9.619269058477418,False,0.7662150755501196,43,adequate,Dixon_only
1095,xrf,mo,15.745916432444336,36.66060555964671,False,0.4295050829650309,21,adequate,Dixon_only
1109,xrf,rb,2.528541324918069,11.170423612233687,False,0.22636037922043054,42,adequate,Dixon_only
1113,xrf,as,7.872958216222171,7.872958216222171,True,1.0,1,sparse,Dixon_only
1119,xrf,k,19.546483256996623,4.976754350613598,True,3.9275563710687633,45,adequate,Dixon_and_3xSD
1121,xrf,cu,6.1858957413174185,24.75696505488425,False,0.24986486540671574,45,adequate,Dixon_only
1122,xrf,ce,20.351933162035312,31.91033296819221,False,0.6377850454372207,23,adequate,RSD_only
1124,xrf,mo,28.284271247461906,36.66060555964671,False,0.7715167498104598,21,adequate,RSD_only
1125,xrf,rb,5.972588991616818,11.170423612233687,False,0.5346788267792928,42,adequate,Dixon_only
1130,xrf,sr,10.825317547305485,9.619269058477418,True,1.1253783922142382,43,adequate,Dixon_only
1132,xrf,ca,12.375688723708866,5.973722288284914,True,2.0716879905814953,45,adequate,Dixon_only
1135,xrf,ba,23.3160685634272,24.45997952351143,False,0.953233363953364,37,adequate,RSD_and_Dixon
1136,xrf,s,3.27906658821064,9.20703553495374,False,0.356147923591903,45,adequate,Dixon_only
1138,xrf,th,3.396178054056622,9.004431695631975,False,0.3771673958839733,45,adequate,Dixon_only
1140,xrf,zn,13.452821806360213,13.071693083816127,True,1.0291567985952756,45,adequate,Dixon_only
1153,xrf,sr,0.5678855106783204,9.619269058477418,False,0.05903624352599281,43,adequate,Dixon_only
1236,xrf,mg,8.559018794294616,26.78324192647815,False,0.31956619806480907,17,adequate,Dixon_only
1242,xrf,mn,20.00815636958956,23.97563885663276,False,0.8345202598868138,45,adequate,RSD_only
1243,xrf,mn,23.566030182635465,23.97563885663276,False,0.9829156304677997,45,adequate,RSD_only
1244,xrf,mg,23.37944162289362,26.78324192647815,False,0.8729130583620833,17,adequate,RSD_only
1247,xrf,k,0.2896406032723875,4.976754350613598,False,0.05819869394129869,45,adequate,Dixon_only
1250,xrf,pb,21.65063509461097,20.926842992827595,True,1.0345867793833712,16,adequate,RSD_and_Dixon
1257,xrf,zn,20.549755344037525,13.071693083816127,True,1.572080618193207,45,adequate,RSD_only
1259,xrf,u,7.872958216222169,12.97437586901827,False,0.606808242315697,45,adequate,Dixon_only
1261,xrf,sr,6.298366572977736,9.619269058477418,False,0.6547656100155567,43,adequate,Dixon_only
1262,xrf,ba,23.75458896114452,24.45997952351143,False,0.9711614410106569,37,adequate,RSD_only
1264,xrf,rb,3.268020391639391,11.170423612233687,False,0.29256011276602817,42,adequate,Dixon_only
1268,xrf,fe,6.268156745603728,8.77155421122956,False,0.7146004681335811,45,adequate,Dixon_only
1271,xrf,u,10.825317547305485,12.97437586901827,False,0.8343613331840835,45,adequate,Dixon_only
1277,xrf,u,5.587260669577023,12.97437586901827,False,0.4306381074498494,45,adequate,Dixon_only
1278,xrf,u,4.5580284409707295,12.97437586901827,False,0.3513100350248772,45,adequate,Dixon_only
1280,xrf,pr,31.66149766506929,32.35146865361274,False,0.9786726532903043,18,adequate,RSD_only
1292,xrf,la,22.329687826943605,22.835265664534784,False,0.9778597785977858,18,adequate,RSD_only
1294,xrf,cu,29.397236789606563,24.75696505488425,True,1.187432979948681,45,adequate,RSD_only
1295,xrf,th,4.811252243246881,9.004431695631975,False,0.5343204775022955,45,adequate,Dixon_only
1296,xrf,mo,28.641098093474,36.66060555964671,False,0.7812500000000002,21,adequate,RSD_only
1300,xrf,k,2.459301349489278,4.976754350613598,False,0.4941576730999519,45,adequate,Dixon_only
1301,xrf,ba,12.735667702712334,24.45997952351143,False,0.5206736861930138,37,adequate,Dixon_only
1305,xrf,ce,27.333539440824527,31.91033296819221,False,0.8565733070874011,23,adequate,RSD_only
1310,xrf,rb,7.530655685082076,11.170423612233687,False,0.6741602598521519,42,adequate,Dixon_only
1311,xrf,cu,3.1491832864888685,24.75696505488425,False,0.1272039314797826,45,adequate,Dixon_only
1313,xrf,sr,1.2642706624590347,9.619269058477418,False,0.1314310531053125,43,adequate,Dixon_only
1320,xrf,k,0.2652451466414819,4.976754350613598,False,0.0532968131346043,45,adequate,Dixon_only
1324,xrf,ba,27.29184067737552,24.45997952351143,True,1.115775287184605,37,adequate,RSD_only
1326,xrf,la,8.05605026776222,22.835265664534784,False,0.35278986398104356,18,adequate,Dixon_only
1329,xrf,pr,21.05931855400795,32.35146865361274,False,0.6509540194137747,18,adequate,RSD_only
1331,xrf,u,4.948716593053935,12.97437586901827,False,0.38142232374129525,45,adequate,Dixon_only
1335,xrf,sr,3.4641016151377544,9.619269058477418,False,0.36012108550855615,43,adequate,Dixon_only
1336,xrf,rb,2.664693550105965,11.170423612233687,False,0.23854901502460757,42,adequate,Dixon_only
1339,xrf,mo,10.825317547305485,36.66060555964671,False,0.2952847445384589,21,adequate,Dixon_only
1340,xrf,rb,1.4314469484040309,11.170423612233687,False,0.12814616509586357,42,adequate,Dixon_only
1342,xrf,u,4.948716593053935,12.97437586901827,False,0.38142232374129525,45,adequate,Dixon_only
1343,xrf,cu,5.32938710021193,24.75696505488425,False,0.21526819173501666,45,adequate,Dixon_only
1347,xrf,ca,0.6839292428702378,5.973722288284914,False,0.11448962805175823,45,adequate,Dixon_only
1348,xrf,al,28.80650930543038,19.25053676542466,True,1.4964003163365778,21,adequate,RSD_only
1353,xrf,sr,2.9356793348625043,9.619269058477418,False,0.30518736060047136,43,adequate,Dixon_only
1356,xrf,mg,35.5670476764491,26.78324192647815,True,1.3279590190792847,17,adequate,RSD_only
1360,xrf,ba,24.19166677796162,24.45997952351143,False,0.9890305408762954,37,adequate,RSD_only
1366,xrf,sr,1.3801201653935278,9.619269058477418,False,0.14347453605918573,43,adequate,Dixon_only
1370,xrf,u,3.1491832864888685,12.97437586901827,False,0.24272329692627884,45,adequate,Dixon_only
1372,xrf,zn,1.7699115044247788,13.071693083816127,False,0.13540032596206536,45,adequate,3xSD_only
1383,xrf,zn,2.98629449580841,13.071693083816127,False,0.22845506520541686,45,adequate,Dixon_only
1389,xrf,u,4.330127018922193,12.97437586901827,False,0.3337445332736333,45,adequate,Dixon_only
1392,xrf,th,5.057082649836138,9.004431695631975,False,0.5616215237980332,45,adequate,Dixon_only
1393,xrf,mn,5.094267081084933,23.97563885663276,False,0.21247680245549017,45,adequate,Dixon_only
1396,xrf,mo,47.14045207910316,36.66060555964671,True,1.2858612496840993,21,adequate,RSD_only
1398,xrf,pr,33.961400960214114,32.35146865361274,True,1.0497638089892896,18,adequate,RSD_only
1402,xrf,cu,17.320508075688775,24.75696505488425,False,0.6996216231388042,45,adequate,Dixon_only
1405,xrf,mn,9.546736734631606,23.97563885663276,False,0.3981848738929658,45,adequate,Dixon_only
1417,xrf,sr,5.412658773652741,9.619269058477418,False,0.562689196107119,43,adequate,Dixon_only
1419,xrf,zn,3.6852144841891006,13.071693083816127,False,0.2819232719556207,45,adequate,Dixon_only
1420,xrf,u,5.587260669577023,12.97437586901827,False,0.4306381074498494,45,adequate,Dixon_only
1458,xrf,ba,21.5344758565462,24.45997952351143,False,0.8803963157796934,37,adequate,RSD_only
1459,xrf,rb,1.714901789672156,11.170423612233687,False,0.15352164333266827,42,adequate,Dixon_only
1463,xrf,th,8.836993916167742,9.004431695631975,False,0.9814049586776857,45,adequate,Dixon_only
1464,xrf,cu,7.872958216222169,24.75696505488425,False,0.3180098286994564,45,adequate,Dixon_only
1469,xrf,ca,3.047493399701981,5.973722288284914,False,0.5101498283036073,45,adequate,Dixon_only
1477,xrf,th,1.0561285412005352,9.004431695631975,False,0.11728986091513807,45,adequate,Dixon_only
1481,xrf,p,6.179571444319952,6.34658740101883,False,0.9736841319364692,45,adequate,3xSD_only
1483,xrf,mo,22.9128784747792,36.66060555964671,False,0.6250000000000001,21,adequate,RSD_only
1484,xrf,fe,0.6208067410641138,8.77155421122956,False,0.07077499906109475,45,adequate,Dixon_only
1485,xrf,rb,4.948716593053935,11.170423612233687,False,0.44301959933141405,42,adequate,Dixon_only
1488,xrf,cu,8.914967391898633,24.75696505488425,False,0.3600993648508551,45,adequate,Dixon_only
1501,xrf,rb,3.6852144841891006,11.170423612233687,False,0.3299082122680743,42,adequate,Dixon_only
1506,xrf,ce,3.396178054056622,31.91033296819221,False,0.10642878773599407,23,adequate,Dixon_only
1512,xrf,cu,13.323467750529828,24.75696505488425,False,0.5381704793375417,45,adequate,Dixon_only
1513,xrf,ca,7.737743689064029,5.973722288284914,True,1.2952968543982273,45,adequate,3xSD_only
1522,xrf,sr,31.49183286488868,9.619269058477418,True,3.273828050077783,43,adequate,RSD_and_Dixon
1526,xrf,si,3.128678348192123,11.97043112064346,False,0.26136722367472626,45,adequate,3xSD_only
1537,xrf,cu,29.037824751041345,24.75696505488425,True,1.1729153669145942,45,adequate,RSD_only
1579,xrf,k,0.4173616403780427,4.976754350613598,False,0.08386221440216052,45,adequate,Dixon_only
1580,xrf,fe,0.27668543251899,8.77155421122956,False,0.03154348999687769,45,adequate,Dixon_only
1581,xrf,mn,34.8947063685078,23.97563885663276,True,1.4554234227987766,45,adequate,RSD_only
1583,xrf,u,4.330127018922193,12.97437586901827,False,0.3337445332736333,45,adequate,Dixon_only
1587,xrf,sr,1.714901789672156,9.619269058477418,False,0.17827776510324564,43,adequate,Dixon_only
1588,xrf,p,1.1247083166031673,6.34658740101883,False,0.17721465813621595,45,adequate,Dixon_only
1594,xrf,th,1.4555048803099813,9.004431695631975,False,0.16164316966456002,45,adequate,Dixon_only
1601,xrf,cu,4.330127018922193,24.75696505488425,False,0.174905405784701,45,adequate,Dixon_only
1608,xrf,sr,2.474358296526968,9.619269058477418,False,0.25722934679182585,43,adequate,Dixon_only
1614,xrf,ca,1.2816443607803532,5.973722288284914,False,0.21454702762024777,45,adequate,Dixon_only
1615,xrf,pb,20.203050891044217,20.926842992827595,False,0.9654132206166287,16,adequate,RSD_only
1624,xrf,rb,2.547133540542467,11.170423612233687,False,0.22802479377352197,42,adequate,Dixon_only
1626,xrf,k,0.3183916925678083,4.976754350613598,False,0.06397577017811877,45,adequate,Dixon_only
1628,xrf,p,0.2981154574128876,6.34658740101883,False,0.046972559987912645,45,adequate,Dixon_only
1632,xrf,y,13.856406460551018,23.8856406460551,False,0.5801144991620524,2,sparse,Dixon_only
1638,xrf,u,5.678855106783205,12.97437586901827,False,0.43769774855558474,45,adequate,Dixon_only
1645,xrf,si,0.8026185391885438,11.97043112064346,False,0.06705009461224816,45,adequate,Dixon_only
1648,xrf,sr,2.98629449580841,9.619269058477418,False,0.3104492116453071,43,adequate,Dixon_only
1658,xrf,rb,2.1122570824010705,11.170423612233687,False,0.18909373142194508,42,adequate,Dixon_only
1665,xrf,ce,23.808831662143337,31.91033296819221,False,0.7461166790667981,23,adequate,RSD_only
1667,xrf,cu,21.5344758565462,24.75696505488425,False,0.8698350467759661,45,adequate,RSD_only
1669,xrf,pr,30.29543542182644,32.35146865361274,False,0.9364469893530877,18,adequate,RSD_only
1672,xrf,mn,1.6816027257950266,23.97563885663276,False,0.07013797362608414,45,adequate,Dixon_only
1673,xrf,u,5.094267081084933,12.97437586901827,False,0.39264062738074507,45,adequate,Dixon_only
1675,xrf,ca,1.526996933624955,5.973722288284914,False,0.2556190026810509,45,adequate,Dixon_only
1677,xrf,zn,8.05605026776222,13.071693083816127,False,0.6162973852053104,45,adequate,Dixon_only
1680,xrf,k,0.3402850309565574,4.976754350613598,False,0.06837488993496386,45,adequate,Dixon_only
1681,xrf,rb,5.412658773652741,11.170423612233687,False,0.48455268676873414,42,adequate,Dixon_only
1685,xrf,p,1.9682395540555429,6.34658740101883,False,0.3101256517383779,45,adequate,Dixon_only
1689,xrf,th,10.274877672018762,9.004431695631975,True,1.1410911892421902,45,adequate,Dixon_only
1690,xrf,sr,2.706329386826371,9.619269058477418,False,0.28134459805355955,43,adequate,Dixon_only
1696,xrf,mn,21.26665248252532,23.97563885663276,False,0.8870108784042678,45,adequate,RSD_only
1698,xrf,rb,2.793630334788512,11.170423612233687,False,0.2500917092999918,42,adequate,Dixon_only
1740,xrf,si,1.056128541200535,11.97043112064346,False,0.08822811230075094,45,adequate,Dixon_only
1745,xrf,p,2.940982223834437,6.34658740101883,False,0.4633958437824894,45,adequate,Dixon_only
1750,xrf,rb,2.3726723391354487,11.170423612233687,False,0.2124066572136917,42,adequate,Dixon_only
1756,xrf,k,0.2014012566940554,4.976754350613598,False,0.04046839415918209,45,adequate,Dixon_only
1760,xrf,rb,1.0561285412005352,11.170423612233687,False,0.09454686571097254,42,adequate,Dixon_only
1762,xrf,zn,2.528541324918069,13.071693083816127,False,0.1934364055753894,45,adequate,Dixon_only
1768,xrf,mo,20.203050891044217,36.66060555964671,False,0.551083392721757,21,adequate,RSD_only
1769,xrf,k,0.452232586832605,4.976754350613598,False,0.09086897905194938,45,adequate,Dixon_only
1770,xrf,u,2.547133540542467,12.97437586901827,False,0.1963203136903726,45,adequate,Dixon_only
1777,xrf,pb,28.867513459481287,20.926842992827595,True,1.379449039177828,16,adequate,RSD_and_Dixon
1780,xrf,mn,20.92384246176689,23.97563885663276,False,0.872712614119911,45,adequate,RSD_only
1783,xrf,s,0.6264198219055614,9.20703553495374,False,0.06803708093961526,45,adequate,Dixon_only
1787,xrf,cu,1.6187390724942785,24.75696505488425,False,0.06538519842418733,45,adequate,Dixon_only
1788,xrf,mn,23.526520449510752,23.97563885663276,False,0.9812677188788335,45,adequate,RSD_only
1789,xrf,u,5.587260669577023,12.97437586901827,False,0.4306381074498494,45,adequate,Dixon_only
1791,xrf,sr,3.936479108111085,9.619269058477418,False,0.4092285062597229,43,adequate,Dixon_only
1793,xrf,pr,24.87310285580821,32.35146865361274,False,0.7688399906082962,18,adequate,RSD_only
1794,xrf,mg,31.88894238185494,26.78324192647815,True,1.1906304124568747,17,adequate,RSD_only
1797,xrf,si,0.2432655628607974,11.97043112064346,False,0.0203222056423078,45,adequate,Dixon_only
1798,xrf,rb,1.5061311370164152,11.170423612233687,False,0.13483205197043038,42,adequate,Dixon_only
1799,xrf,ce,30.3794024509776,31.91033296819221,False,0.9520239880059973,23,adequate,RSD_only
1802,xrf,mn,31.32491021535417,23.97563885663276,True,1.3065307832949888,45,adequate,RSD_only
1803,xrf,pb,20.203050891044217,20.926842992827595,False,0.9654132206166287,16,adequate,RSD_only
1806,xrf,si,22.071569086866656,11.97043112064346,True,1.8438407827102739,45,adequate,RSD_only
1811,xrf,rb,5.412658773652741,11.170423612233687,False,0.48455268676873414,42,adequate,Dixon_only
1812,xrf,sr,34.64101615137754,9.619269058477418,True,3.601210855085561,43,adequate,RSD_and_Dixon
1820,xrf,nd,26.41549201902965,26.035000631450448,True,1.0146146102688995,3,sparse,RSD_only
1827,xrf,cu,33.071891388307385,24.75696505488425,True,1.335862102442266,45,adequate,RSD_only
1828,xrf,mn,22.25113396360373,23.97563885663276,False,0.9280726197395174,45,adequate,RSD_only
1829,xrf,sr,1.5745916432444342,9.619269058477418,False,0.1636914025038892,43,adequate,Dixon_only
1835,xrf,rb,2.547133540542467,11.170423612233687,False,0.22802479377352197,42,adequate,Dixon_only
1836,xrf,pr,23.45851880713665,32.35146865361274,False,0.7251144935120897,18,adequate,RSD_only
1837,xrf,rb,5.587260669577023,11.170423612233687,False,0.5001834185999836,42,adequate,Dixon_only
1847,xrf,ce,24.844292311959776,31.91033296819221,False,0.7785657497439539,23,adequate,RSD_only
1849,xrf,cu,26.44679360999226,24.75696505488425,True,1.0682566926665604,45,adequate,RSD_only
1853,xrf,p,5.831380899306515,6.34658740101883,False,0.9188214911166892,45,adequate,Dixon_only
1860,xrf,sr,10.188534162169868,9.619269058477418,True,1.0591796632604593,43,adequate,Dixon_only
1866,xrf,rb,3.4641016151377544,11.170423612233687,False,0.31011371953198985,42,adequate,Dixon_only
1867,xrf,mn,32.35830074454858,23.97563885663276,True,1.3496324722791189,45,adequate,RSD_only
1872,xrf,zn,2.2494166332063346,13.071693083816127,False,0.17208303612875553,45,adequate,Dixon_only
1876,xrf,u,3.765327842541037,12.97437586901827,False,0.2902126376292463,45,adequate,Dixon_only
1886,xrf,cu,10.825317547305485,24.75696505488425,False,0.43726351446175266,45,adequate,Dixon_only
1888,xrf,mg,20.408158006689334,26.78324192647815,False,0.7619748969415703,17,adequate,RSD_only
1895,xrf,sr,8.247860988423225,9.619269058477418,False,0.8574311559727528,43,adequate,Dixon_only
1897,xrf,mo,3.646422752776583,36.66060555964671,False,0.09946433500242823,21,adequate,Dixon_only
1900,xrf,rb,13.323467750529828,11.170423612233687,True,1.192745075123038,42,adequate,Dixon_only
1942,xrf,ba,48.43221048378526,24.45997952351143,True,1.98005932250398,37,adequate,RSD_only
1943,xrf,ca,0.3443440969321823,5.973722288284914,False,0.057643137781526375,45,adequate,Dixon_only
1951,xrf,cu,12.371791482634835,24.75696505488425,False,0.4997297308134314,45,adequate,Dixon_only
1954,xrf,k,0.2640321353001337,4.976754350613598,False,0.05305307770868386,45,adequate,Dixon_only
1958,xrf,mg,21.627160810484607,26.78324192647815,False,0.8074885359230468,17,adequate,RSD_only
2003,xrf,sr,6.604392338697991,9.619269058477418,False,0.6865794374342373,43,adequate,3xSD_only
2004,xrf,rb,2.2494166332063346,11.170423612233687,False,0.2013725451506428,42,adequate,Dixon_only
2009,xrf,ti,23.62695894240827,20.26606531247821,True,1.1658384880394463,20,adequate,RSD_only
2010,xrf,k,0.3883521990064747,4.976754350613598,False,0.07803322640559779,45,adequate,Dixon_only
2011,xrf,zn,3.330866937632457,13.071693083816127,False,0.25481526503681107,45,adequate,Dixon_only
2012,xrf,ba,24.45997952351143,24.45997952351143,True,1.0,37,adequate,RSD_only
2016,xrf,ce,42.42640687119285,31.91033296819221,True,1.3295507418704444,23,adequate,RSD_only
2019,xrf,th,4.811252243246881,9.004431695631975,False,0.5343204775022955,45,adequate,Dixon_only
2022,xrf,ca,10.99456358008258,5.973722288284914,True,1.840487898415374,45,adequate,3xSD_only
2024,xrf,u,3.5347975664670974,12.97437586901827,False,0.2724445169580681,45,adequate,Dixon_only
2026,xrf,rb,2.706329386826371,11.170423612233687,False,0.2422763433843671,42,adequate,Dixon_only
2027,xrf,sr,2.98629449580841,9.619269058477418,False,0.3104492116453071,43,adequate,Dixon_only
2031,xrf,cu,22.22222222222222,24.75696505488425,False,0.8976149610001588,45,adequate,RSD_only
2042,xrf,rb,6.925497982683261,11.170423612233687,False,0.6199852595651391,42,adequate,3xSD_only
2043,xrf,ca,59.386157460407695,5.973722288284914,True,9.94123171357833,45,adequate,RSD_and_Dixon
2045,xrf,cu,10.188534162169868,24.75696505488425,False,0.4115421312581201,45,adequate,Dixon_only
2047,xrf,th,4.618802153517006,9.004431695631975,False,0.5129476584022037,45,adequate,Dixon_only
2048,xrf,ce,24.145109601491864,31.91033296819221,False,0.7566548937474072,23,adequate,RSD_only
2053,xrf,cu,9.116056881941462,24.75696505488425,False,0.3682219069151602,45,adequate,Dixon_only
2055,xrf,u,5.170300918116052,12.97437586901827,False,0.3985009352520995,45,adequate,Dixon_only
2057,xrf,ca,3.872190583949172,5.973722288284914,False,0.64820398356029,45,adequate,Dixon_only
2059,xrf,s,131.66490126391147,9.20703553495374,True,14.300466286249977,45,adequate,all_three
2061,xrf,si,5.828239264330539,11.97043112064346,False,0.4868863289543115,45,adequate,3xSD_only
2062,xrf,k,1.3289392385438958,4.976754350613598,False,0.2670293016130176,45,adequate,Dixon_only
2066,xrf,mo,28.284271247461906,36.66060555964671,False,0.7715167498104598,21,adequate,RSD_only
2067,xrf,si,45.71214028995176,11.97043112064346,True,3.818754715619177,45,adequate,RSD_only
2068,xrf,rb,50.0,11.170423612233687,True,4.476105986279761,42,adequate,RSD_only
2073,xrf,k,64.60501406203875,4.976754350613598,True,12.981354816934738,45,adequate,RSD_and_Dixon
2078,xrf,u,4.330127018922193,12.97437586901827,False,0.3337445332736333,45,adequate,Dixon_only
2086,xrf,mo,36.66060555964671,36.66060555964671,True,1.0,21,adequate,RSD_only
2089,xrf,la,24.01494728558086,22.835265664534784,True,1.051660516605166,18,adequate,RSD_only
2090,xrf,sr,2.664693550105965,9.619269058477418,False,0.27701621962196626,43,adequate,Dixon_only
2095,xrf,mo,38.5694607919935,36.66060555964671,True,1.0520682951960814,21,adequate,RSD_only
2097,xrf,u,4.330127018922193,12.97437586901827,False,0.3337445332736333,45,adequate,Dixon_only
2098,xrf,cu,7.872958216222169,24.75696505488425,False,0.3180098286994564,45,adequate,Dixon_only
2109,xrf,cu,4.948716593053935,24.75696505488425,False,0.1998918923253726,45,adequate,Dixon_only
2113,xrf,rb,1.0434041009451067,11.170423612233687,False,0.09340774684698488,42,adequate,Dixon_only
2118,xrf,pr,23.022081247934107,32.35146865361274,False,0.7116239913072137,18,adequate,RSD_only
2126,xrf,mn,24.24871130596428,23.97563885663276,True,1.0113895796881331,45,adequate,RSD_only
2128,xrf,u,10.188534162169868,12.97437586901827,False,0.7852812547614904,45,adequate,Dixon_only
2129,xrf,cu,35.1155090012593,24.75696505488425,True,1.4184092809199742,45,adequate,RSD_only
2131,xrf,zn,5.094267081084933,13.071693083816127,False,0.38971746417394626,45,adequate,Dixon_only
2132,xrf,rb,0.3831970813205481,11.170423612233687,False,0.03430461499247675,42,adequate,Dixon_only
2133,xrf,ba,24.45997952351143,24.45997952351143,True,1.0,37,adequate,RSD_only
2136,xrf,th,9.116056881941462,9.004431695631975,True,1.012396694214876,45,adequate,Dixon_only
2152,xrf,cu,4.681218398834803,24.75696505488425,False,0.18908692517264974,45,adequate,Dixon_only
2158,xrf,u,8.660254037844387,12.97437586901827,False,0.6674890665472667,45,adequate,Dixon_only
2170,xrf,y,25.0,23.8856406460551,True,1.0466539445375498,2,sparse,RSD_only
2173,xrf,ti,24.66935575124052,20.26606531247821,True,1.217274067307536,20,adequate,RSD_only
2174,xrf,al,27.52316753904672,19.25053676542466,True,1.4297350704776346,21,adequate,RSD_only
2176,xrf,sr,2.2802232029196827,9.619269058477418,False,0.2370474501812726,43,adequate,3xSD_only
2178,xrf,fe,13.501890599442747,8.77155421122956,True,1.5392814402443404,45,adequate,3xSD_only
2180,xrf,zn,4.02802513388111,13.071693083816127,False,0.3081486926026552,45,adequate,Dixon_only
2185,icp,na,103.07710427959267,103.07710427959267,True,1.0,21,adequate,RSD_only
2201,icp,al,25.558076428429427,57.71500619465229,False,0.4428324297883826,24,adequate,RSD_only
2206,icp,p,22.851869524257605,25.68895396415639,False,0.8895601415356441,30,adequate,RSD_only
2220,icp,p,30.322329456857226,25.68895396415639,True,1.1803645060505674,30,adequate,RSD_only
2223,icp,al,76.03298722435994,57.71500619465229,True,1.3173867982951883,24,adequate,RSD_only
2250,icp,cu,65.99663291074444,45.25483399593912,True,1.4583333333333308,27,adequate,RSD_only
2251,icp,nd,65.99663291074444,57.768481275119136,True,1.1424332344213655,24,adequate,RSD_only
2262,icp,p,26.530438348249863,25.68895396415639,True,1.0327566620761433,30,adequate,RSD_only
2275,icp,al,20.36467529817257,57.71500619465229,False,0.35284888005538334,24,adequate,RSD_only
2280,icp,p,25.595455699257112,25.68895396415639,False,0.9963603708804284,30,adequate,RSD_only
2317,icp,cu,31.42696805273545,45.25483399593912,False,0.6944444444444433,27,adequate,RSD_only
2336,icp,cu,31.42696805273545,45.25483399593912,False,0.6944444444444433,27,adequate,RSD_only
2352,icp,si,24.956709924231088,29.485890614184136,False,0.8463949843260189,24,adequate,RSD_only
2353,icp,zn,22.93319290334749,21.405848396062968,True,1.0713517389745428,26,adequate,RSD_only
2362,icp,fe,23.07712507638105,26.41706226692283,False,0.8735689397710297,27,adequate,RSD_only
2367,icp,na,91.11002173136085,103.07710427959267,False,0.8839016420584384,21,adequate,RSD_only
2368,icp,al,21.757131728816848,57.71500619465229,False,0.3769752992044693,24,adequate,RSD_only
2369,icp,fe,21.8001300128659,26.41706226692283,False,0.8252291565425934,27,adequate,RSD_only
2372,icp,s,21.596364745598983,22.088548340974175,False,0.9777177029573196,27,adequate,RSD_only
2374,icp,si,34.13618943659195,29.485890614184136,True,1.1577126797103017,24,adequate,RSD_only
2380,icp,nd,38.5694607919935,57.768481275119136,False,0.6676557863501486,24,adequate,RSD_only
2386,icp,mn,31.42696805273545,13.753086160751716,True,2.28508479372587,27,adequate,RSD_only
2393,icp,ti,141.4213562373095,141.4213562373095,True,1.0,14,adequate,RSD_only
2397,icp,na,31.42696805273545,103.07710427959267,False,0.30488796006037394,21,adequate,RSD_only
2399,icp,p,24.79161592252724,25.68895396415639,False,0.9650691093580065,30,adequate,RSD_only
2403,icp,zn,31.42696805273545,21.405848396062968,True,1.4681486793354848,26,adequate,RSD_only
2405,icp,si,47.14045207910317,29.485890614184136,True,1.5987460815047023,24,adequate,RSD_only
2433,icp,si,21.757131728816848,29.485890614184136,False,0.7378828068483242,24,adequate,RSD_only
2445,icp,nd,141.4213562373095,57.768481275119136,True,2.4480712166172114,24,adequate,RSD_only
2465,icp,ti,141.4213562373095,141.4213562373095,True,1.0,14,adequate,RSD_only
2487,icp,na,147.16435547537284,103.07710427959267,True,1.4277113865771316,21,adequate,RSD_only
2488,icp,nd,28.473042801949976,57.768481275119136,False,0.49288196908533416,24,adequate,RSD_only
2511,icp,p,21.09218271509995,25.68895396415639,False,0.8210603960180596,30,adequate,RSD_only
2521,icp,s,22.826823734036967,22.088548340974175,True,1.0334234455640208,27,adequate,RSD_only
2523,icp,ti,141.4213562373095,141.4213562373095,True,1.0,14,adequate,RSD_only
2537,icp,al,27.04780037325592,57.71500619465229,False,0.46864415611484583,24,adequate,RSD_only
2547,icp,fe,22.809896167307983,26.41706226692283,False,0.863453170410571,27,adequate,RSD_only
2565,icp,cu,71.0057157185935,45.25483399593912,True,1.569019471488175,27,adequate,RSD_only
2571,icp,ti,141.42135623730948,141.4213562373095,False,0.9999999999999998,14,adequate,RSD_only
2577,icp,ti,78.56742013183862,141.4213562373095,False,0.5555555555555556,14,adequate,RSD_only
2578,icp,na,682.7471217389727,103.07710427959267,True,6.623654462459942,21,adequate,RSD_only
2579,icp,cu,89.9954085146515,45.25483399593912,True,1.98863636363636,27,adequate,RSD_only
2580,icp,fe,139.7733707471954,26.41706226692283,True,5.291026281987743,27,adequate,RSD_and_3xSD
2581,icp,s,120.72554800745934,22.088548340974175,True,5.465526577113893,27,adequate,RSD_and_3xSD
2582,icp,k,133.80463689255285,10.19672747849492,True,13.122311758821565,27,adequate,RSD_and_3xSD
2583,icp,mg,139.74373784263253,6.531645101078052,True,21.39487612692976,30,adequate,RSD_and_3xSD
2584,icp,ca,134.9721738681814,5.622072871901208,True,24.00754613885644,30,adequate,RSD_and_3xSD
2585,icp,zn,141.4213562373095,21.405848396062968,True,6.606669057009681,26,adequate,RSD_only
2586,icp,p,127.71565901669317,25.68895396415639,True,4.971617730908541,30,adequate,RSD_only
2587,icp,nd,141.4213562373095,57.768481275119136,True,2.4480712166172114,24,adequate,RSD_and_3xSD
2589,icp,mn,89.6367271007184,13.753086160751716,True,6.517571841912975,27,adequate,RSD_and_3xSD
2590,icp,al,138.98830064613,57.71500619465229,True,2.4081830672836047,24,adequate,RSD_and_3xSD
2596,icp,al,70.85809440382221,57.71500619465229,True,1.2277239330936383,24,adequate,RSD_only
2600,icp,na,91.44914555274784,103.07710427959267,False,0.8871916434972363,21,adequate,RSD_only
2630,icp,s,26.360171162600547,22.088548340974175,True,1.1933863084022833,27,adequate,RSD_only
2650,icp,p,24.389268643242566,25.68895396415639,False,0.9494068414491589,30,adequate,RSD_only
2668,icp,si,31.42696805273545,29.485890614184136,True,1.065830721003135,24,adequate,RSD_only
2674,icp,cu,29.83409432951461,45.25483399593912,False,0.6592465753424646,27,adequate,RSD_only
2676,icp,ti,141.4213562373095,141.4213562373095,True,1.0,14,adequate,RSD_only
2680,icp,fe,44.34816049253608,26.41706226692283,True,1.6787695787076609,27,adequate,RSD_only
2697,icp,na,85.05777222968615,103.07710427959267,False,0.8251858919025337,21,adequate,RSD_only
2701,icp,fe,31.42696805273545,26.41706226692283,True,1.1896465903434537,27,adequate,RSD_only
